{
    "name": "root",
    "gauges": {
        "FleefromAgent.Policy.Entropy.mean": {
            "value": 1.0208008289337158,
            "min": 1.0177375078201294,
            "max": 1.189418911933899,
            "count": 200
        },
        "FleefromAgent.Policy.Entropy.sum": {
            "value": 5042.755859375,
            "min": 3854.8486328125,
            "max": 7776.52734375,
            "count": 200
        },
        "FleefromAgent.Environment.EpisodeLength.mean": {
            "value": 999.0,
            "min": 40.346456692913385,
            "max": 999.0,
            "count": 200
        },
        "FleefromAgent.Environment.EpisodeLength.sum": {
            "value": 999.0,
            "min": 999.0,
            "max": 10989.0,
            "count": 200
        },
        "FleefromAgent.Step.mean": {
            "value": 999945.0,
            "min": 4984.0,
            "max": 999945.0,
            "count": 200
        },
        "FleefromAgent.Step.sum": {
            "value": 999945.0,
            "min": 4984.0,
            "max": 999945.0,
            "count": 200
        },
        "FleefromAgent.Policy.ExtrinsicValueEstimate.mean": {
            "value": 22.131608963012695,
            "min": -0.3070000112056732,
            "max": 25.90586280822754,
            "count": 200
        },
        "FleefromAgent.Policy.ExtrinsicValueEstimate.sum": {
            "value": 907.3959350585938,
            "min": -31.928001403808594,
            "max": 1059.8826904296875,
            "count": 200
        },
        "FleefromAgent.Policy.CuriosityValueEstimate.mean": {
            "value": 0.01165072899311781,
            "min": 0.006062735803425312,
            "max": 0.5932809710502625,
            "count": 200
        },
        "FleefromAgent.Policy.CuriosityValueEstimate.sum": {
            "value": 0.47767987847328186,
            "min": 0.24857217073440552,
            "max": 58.79975128173828,
            "count": 200
        },
        "FleefromAgent.Environment.CumulativeReward.mean": {
            "value": 187.23470231890678,
            "min": -0.5021241817099988,
            "max": 249.9486050075955,
            "count": 200
        },
        "FleefromAgent.Environment.CumulativeReward.sum": {
            "value": 748.9388092756271,
            "min": -60.757025986909866,
            "max": 2498.5092455744743,
            "count": 200
        },
        "FleefromAgent.Policy.ExtrinsicReward.mean": {
            "value": 187.23470231890678,
            "min": -0.5021241817099988,
            "max": 249.9486050075955,
            "count": 200
        },
        "FleefromAgent.Policy.ExtrinsicReward.sum": {
            "value": 748.9388092756271,
            "min": -60.757025986909866,
            "max": 2498.5092455744743,
            "count": 200
        },
        "FleefromAgent.Policy.CuriosityReward.mean": {
            "value": 0.35610847803764045,
            "min": 0.05128253507427871,
            "max": 1.1096421286929399,
            "count": 200
        },
        "FleefromAgent.Policy.CuriosityReward.sum": {
            "value": 1.4244339121505618,
            "min": 0.10256507014855742,
            "max": 22.670354038476944,
            "count": 200
        },
        "FleefromAgent.Losses.PolicyLoss.mean": {
            "value": 0.07039766926971967,
            "min": 0.05072065585409291,
            "max": 0.08060821515391581,
            "count": 200
        },
        "FleefromAgent.Losses.PolicyLoss.sum": {
            "value": 0.14079533853943935,
            "min": 0.10144131170818582,
            "max": 0.2392944305742561,
            "count": 200
        },
        "FleefromAgent.Losses.ValueLoss.mean": {
            "value": 8.672451036947745,
            "min": 0.14084152866982752,
            "max": 18.795162774898387,
            "count": 200
        },
        "FleefromAgent.Losses.ValueLoss.sum": {
            "value": 17.34490207389549,
            "min": 0.42252458600948256,
            "max": 45.770176014869044,
            "count": 200
        },
        "FleefromAgent.Policy.LearningRate.mean": {
            "value": 6.273997909000027e-07,
            "min": 6.273997909000027e-07,
            "max": 0.00029906160031279995,
            "count": 200
        },
        "FleefromAgent.Policy.LearningRate.sum": {
            "value": 1.2547995818000054e-06,
            "min": 1.2547995818000054e-06,
            "max": 0.0008887239037586999,
            "count": 200
        },
        "FleefromAgent.Policy.Epsilon.mean": {
            "value": 0.10020910000000002,
            "min": 0.10020910000000002,
            "max": 0.1996872,
            "count": 200
        },
        "FleefromAgent.Policy.Epsilon.sum": {
            "value": 0.20041820000000005,
            "min": 0.20041820000000005,
            "max": 0.5962413,
            "count": 200
        },
        "FleefromAgent.Policy.Beta.mean": {
            "value": 0.0005,
            "min": 0.0005,
            "max": 0.0005,
            "count": 200
        },
        "FleefromAgent.Policy.Beta.sum": {
            "value": 0.001,
            "min": 0.001,
            "max": 0.0015,
            "count": 200
        },
        "FleefromAgent.Losses.CuriosityForwardLoss.mean": {
            "value": 0.009526100486233743,
            "min": 0.003107184059141825,
            "max": 0.30709988965342444,
            "count": 200
        },
        "FleefromAgent.Losses.CuriosityForwardLoss.sum": {
            "value": 0.019052200972467487,
            "min": 0.00621436811828365,
            "max": 0.6141997793068489,
            "count": 200
        },
        "FleefromAgent.Losses.CuriosityInverseLoss.mean": {
            "value": 0.021881800759438477,
            "min": 0.005698247263289727,
            "max": 0.5236828755587339,
            "count": 200
        },
        "FleefromAgent.Losses.CuriosityInverseLoss.sum": {
            "value": 0.043763601518876954,
            "min": 0.011396494526579454,
            "max": 1.0590795030196507,
            "count": 200
        },
        "FleefromAgent.IsTraining.mean": {
            "value": 1.0,
            "min": 1.0,
            "max": 1.0,
            "count": 200
        },
        "FleefromAgent.IsTraining.sum": {
            "value": 1.0,
            "min": 1.0,
            "max": 1.0,
            "count": 200
        }
    },
    "metadata": {
        "timer_format_version": "0.1.0",
        "start_time_seconds": "1679915865",
        "python_version": "3.9.11 (tags/v3.9.11:2de452f, Mar 16 2022, 14:33:45) [MSC v.1929 64 bit (AMD64)]",
        "command_line_arguments": "C:\\Program Files\\Python39\\Scripts\\mlagents-learn config/FleefromAgent.yaml --initialize-from=FleefromAgent --run-id=FleefromAgentMainAIImproved --torch-device=cuda --force",
        "mlagents_version": "0.30.0",
        "mlagents_envs_version": "0.30.0",
        "communication_protocol_version": "1.5.0",
        "pytorch_version": "1.13.1+cu116",
        "numpy_version": "1.21.2",
        "end_time_seconds": "1679917097"
    },
    "total": 1232.4708629000002,
    "count": 1,
    "self": 0.0077900000001136505,
    "children": {
        "run_training.setup": {
            "total": 0.0791341000000001,
            "count": 1,
            "self": 0.0791341000000001
        },
        "TrainerController.start_learning": {
            "total": 1232.3839388000001,
            "count": 1,
            "self": 1.4327039000006607,
            "children": {
                "TrainerController._reset_env": {
                    "total": 3.7721088000000003,
                    "count": 1,
                    "self": 3.7721088000000003
                },
                "TrainerController.advance": {
                    "total": 1227.1051981999994,
                    "count": 51694,
                    "self": 0.5764167999939218,