{"count":1,"self":145.39328,"total":1230.7512156999999,"children":{"InitializeActuators":{"count":1017,"self":0.0120111,"total":0.0120111,"children":null},"InitializeSensors":{"count":1017,"self":0.0110701,"total":0.0110701,"children":null},"AgentSendState":{"count":250767,"self":387.618816,"total":416.959538,"children":{"CollectObservations":{"count":2006160,"self":1.2390181999999998,"total":1.2390181999999998,"children":null},"WriteActionMask":{"count":2006160,"self":1.1564047,"total":1.1564047,"children":null},"RequestDecision":{"count":2006160,"self":3.2354719999999997,"total":26.9453019,"children":{"AgentInfo.ToProto":{"count":1003080,"self":2.0986583999999997,"total":23.7098299,"children":{"GenerateSensorData":{"count":1003080,"self":11.3510464,"total":21.6111714,"children":{"RayPerceptionSensor.Perceive":{"count":1003080,"self":10.2601248,"total":10.260125,"children":null}}}}}}}}},"DecideAction":{"count":250767,"self":638.8235776,"total":650.76091669999994,"children":{"RayPerceptionSensor.Perceive":{"count":1003080,"self":11.937332,"total":11.9373322,"children":null}}},"AgentAct":{"count":250767,"self":17.531575999999998,"total":17.581239,"children":{"AgentInfo.ToProto":{"count":926,"self":0.0040044,"total":0.0290162,"children":{"GenerateSensorData":{"count":926,"self":0.0150622,"total":0.025011799999999997,"children":{"RayPerceptionSensor.Perceive":{"count":926,"self":0.0099496,"total":0.0099496,"children":null}}}}},"InitializeActuators":{"count":926,"self":0.012637599999999999,"total":0.012637599999999999,"children":null},"InitializeSensors":{"count":926,"self":0.0080093,"total":0.0080093,"children":null}}},"AgentInfo.ToProto":{"count":977,"self":0.0055049,"total":0.032663,"children":{"GenerateSensorData":{"count":977,"self":0.0191473,"total":0.027158099999999998,"children":{"RayPerceptionSensor.Perceive":{"count":977,"self":0.0080108,"total":0.0080108,"children":null}}}}}},"gauges":{"FleefromAgent.CumulativeReward":{"count":977,"max":229.255554,"min":-1,"runningAverage":6.125071,"value":-0.90688,"weightedAverage":0.34076032},"MovetoGoal.CumulativeReward":{"count":1738,"max":3.9606,"min":0,"runningAverage":0.900772631,"value":0,"weightedAverage":0.288918316}},"metadata":{"timer_format_version":"0.1.0","start_time_seconds":"1679915867","unity_version":"2021.3.18f1","command_line_arguments":"C:\\Program Files\\Unity\\Hub\\Editor\\2021.3.18f1\\Editor\\Unity.exe -projectpath C:\\Users\\YoungOne\\Documents\\PersonalBackedUp\\university\\term 2\\Artificial Intelligence For Game Developers\\Ass 2\\GameAI -useHub -hubIPC -cloudEnvironment production -licensingIpc LicenseClient-YoungOne -hubSessionId 0d629850-cc87-11ed-a75b-b770faeae057","communication_protocol_version":"1.5.0","com.unity.ml-agents_version":"2.0.1","scene_name":"SampleScene","end_time_seconds":"1679917097"}}