{
    "name": "root",
    "gauges": {
        "FleefromAgent.Policy.Entropy.mean": {
            "value": 0.85450679063797,
            "min": 0.85450679063797,
            "max": 1.0234748125076294,
            "count": 200
        },
        "FleefromAgent.Policy.Entropy.sum": {
            "value": 3913.64111328125,
            "min": 2558.80908203125,
            "max": 6262.20263671875,
            "count": 200
        },
        "FleefromAgent.Environment.EpisodeLength.mean": {
            "value": 676.1666666666666,
            "min": 31.9281045751634,
            "max": 999.0,
            "count": 199
        },
        "FleefromAgent.Environment.EpisodeLength.sum": {
            "value": 4057.0,
            "min": 999.0,
            "max": 12432.0,
            "count": 199
        },
        "FleefromAgent.Step.mean": {
            "value": 999897.0,
            "min": 4959.0,
            "max": 999897.0,
            "count": 200
        },
        "FleefromAgent.Step.sum": {
            "value": 999897.0,
            "min": 4959.0,
            "max": 999897.0,
            "count": 200
        },
        "FleefromAgent.Policy.ExtrinsicValueEstimate.mean": {
            "value": 20.058229446411133,
            "min": -0.714615523815155,
            "max": 24.692371368408203,
            "count": 200
        },
        "FleefromAgent.Policy.ExtrinsicValueEstimate.sum": {
            "value": 902.620361328125,
            "min": -103.61924743652344,
            "max": 1018.9772338867188,
            "count": 200
        },
        "FleefromAgent.Policy.CuriosityValueEstimate.mean": {
            "value": 0.04266725480556488,
            "min": 0.0262868944555521,
            "max": 0.6131848096847534,
            "count": 200
        },
        "FleefromAgent.Policy.CuriosityValueEstimate.sum": {
            "value": 1.9200265407562256,
            "min": 1.0514757633209229,
            "max": 66.45877075195312,
            "count": 200
        },
        "FleefromAgent.Environment.CumulativeReward.mean": {
            "value": 95.19662417471409,
            "min": -0.709011425443043,
            "max": 249.94864463806152,
            "count": 200
        },
        "FleefromAgent.Environment.CumulativeReward.sum": {
            "value": 1142.359490096569,
            "min": -107.06072524189949,
            "max": 2642.232569336891,
            "count": 200
        },
        "FleefromAgent.Policy.ExtrinsicReward.mean": {
            "value": 95.19662417471409,
            "min": -0.709011425443043,
            "max": 249.94864463806152,
            "count": 200
        },
        "FleefromAgent.Policy.ExtrinsicReward.sum": {
            "value": 1142.359490096569,
            "min": -107.06072524189949,
            "max": 2642.232569336891,
            "count": 200
        },
        "FleefromAgent.Policy.CuriosityReward.mean": {
            "value": 0.17650097391257683,
            "min": 0.06925530417969353,
            "max": 0.6863448396325111,
            "count": 200
        },
        "FleefromAgent.Policy.CuriosityReward.sum": {
            "value": 2.118011686950922,
            "min": 0.34750647097826004,
            "max": 16.22378592612222,
            "count": 200
        },
        "FleefromAgent.Losses.PolicyLoss.mean": {
            "value": 0.06848933668259312,
            "min": 0.05660295400051765,
            "max": 0.08285935514140874,
            "count": 200
        },
        "FleefromAgent.Losses.PolicyLoss.sum": {
            "value": 0.13697867336518624,
            "min": 0.07105376079368095,
            "max": 0.24857806542422622,
            "count": 200
        },
        "FleefromAgent.Losses.ValueLoss.mean": {
            "value": 10.07677564171015,
            "min": 0.09003305376973003,
            "max": 19.890504201253258,
            "count": 200
        },
        "FleefromAgent.Losses.ValueLoss.sum": {
            "value": 20.1535512834203,
            "min": 0.18006610753946006,
            "max": 45.449351727962494,
            "count": 200
        },
        "FleefromAgent.Policy.LearningRate.mean": {
            "value": 8.246497251499962e-07,
            "min": 8.246497251499962e-07,
            "max": 0.0002990709003097,
            "count": 200
        },
        "FleefromAgent.Policy.LearningRate.sum": {
            "value": 1.6492994502999923e-06,
            "min": 1.6492994502999923e-06,
            "max": 0.0008887362037546,
            "count": 200
        },
        "FleefromAgent.Policy.Epsilon.mean": {
            "value": 0.10027485,
            "min": 0.10027485,
            "max": 0.1996903,
            "count": 200
        },
        "FleefromAgent.Policy.Epsilon.sum": {
            "value": 0.2005497,
            "min": 0.1462391000000001,
            "max": 0.5962453999999999,
            "count": 200
        },
        "FleefromAgent.Policy.Beta.mean": {
            "value": 0.0005,
            "min": 0.0005,
            "max": 0.0005,
            "count": 200
        },
        "FleefromAgent.Policy.Beta.sum": {
            "value": 0.001,
            "min": 0.0005,
            "max": 0.0015,
            "count": 200
        },
        "FleefromAgent.Losses.CuriosityForwardLoss.mean": {
            "value": 0.01605615305472348,
            "min": 0.013279936197054042,
            "max": 0.17671573751916486,
            "count": 200
        },
        "FleefromAgent.Losses.CuriosityForwardLoss.sum": {
            "value": 0.03211230610944696,
            "min": 0.02314332310731212,
            "max": 0.36717823349560297,
            "count": 200
        },
        "FleefromAgent.Losses.CuriosityInverseLoss.mean": {
            "value": 0.34963482567200477,
            "min": 0.20902727412370345,
            "max": 0.42712488770484924,
            "count": 200
        },
        "FleefromAgent.Losses.CuriosityInverseLoss.sum": {
            "value": 0.6992696513440095,
            "min": 0.3646371434132258,
            "max": 1.2455350228895743,
            "count": 200
        },
        "FleefromAgent.IsTraining.mean": {
            "value": 1.0,
            "min": 1.0,
            "max": 1.0,
            "count": 200
        },
        "FleefromAgent.IsTraining.sum": {
            "value": 1.0,
            "min": 1.0,
            "max": 1.0,
            "count": 200
        }
    },
    "metadata": {
        "timer_format_version": "0.1.0",
        "start_time_seconds": "1679931322",
        "python_version": "3.9.11 (tags/v3.9.11:2de452f, Mar 16 2022, 14:33:45) [MSC v.1929 64 bit (AMD64)]",
        "command_line_arguments": "C:\\Program Files\\Python39\\Scripts\\mlagents-learn config/FleefromAgent.yaml --initialize-from=FleefromAgentMainAIImproved --run-id=FleefromAgent1 --force --torch-device=cuda",
        "mlagents_version": "0.30.0",
        "mlagents_envs_version": "0.30.0",
        "communication_protocol_version": "1.5.0",
        "pytorch_version": "1.13.1+cu116",
        "numpy_version": "1.21.2",
        "end_time_seconds": "1679932775"
    },
    "total": 1452.7216807999998,
    "count": 1,
    "self": 0.007876199999827804,
    "children": {
        "run_training.setup": {
            "total": 0.08355239999999986,
            "count": 1,
            "self": 0.08355239999999986
        },
        "TrainerController.start_learning": {
            "total": 1452.6302522,
            "count": 1,
            "self": 1.6179687999740509,
            "children": {
                "TrainerController._reset_env": {
                    "total": 9.709822599999999,
                    "count": 1,
                    "self": 9.709822599999999
                },
                "TrainerController.advance": {
                    "total": 1441.2146729000262,
                    "count": 52989,
                    "self": 0.69401310001399,
                    "children": {
                        "env_step": {
                            "total": 1440.5206598000123,