{
    "name": "root",
    "gauges": {
        "MovetoGoal.Policy.Entropy.mean": {
            "value": 0.8878790140151978,
            "min": 0.7848101258277893,
            "max": 1.1411188840866089,
            "count": 1000
        },
        "MovetoGoal.Policy.Entropy.sum": {
            "value": 3959.9404296875,
            "min": 2511.444580078125,
            "max": 8262.802734375,
            "count": 1000
        },
        "MovetoGoal.Step.mean": {
            "value": 4999882.0,
            "min": 4992.0,
            "max": 4999882.0,
            "count": 1000
        },
        "MovetoGoal.Step.sum": {
            "value": 4999882.0,
            "min": 4992.0,
            "max": 4999882.0,
            "count": 1000
        },
        "MovetoGoal.Policy.ExtrinsicValueEstimate.mean": {
            "value": 0.6426697969436646,
            "min": -0.028473062440752983,
            "max": 0.6830148696899414,
            "count": 1000
        },
        "MovetoGoal.Policy.ExtrinsicValueEstimate.sum": {
            "value": 27.634801864624023,
            "min": -1.2812877893447876,
            "max": 31.90495491027832,
            "count": 1000
        },
        "MovetoGoal.Policy.CuriosityValueEstimate.mean": {
            "value": 0.24356983602046967,
            "min": 0.12455592304468155,
            "max": 1.0215494632720947,
            "count": 1000
        },
        "MovetoGoal.Policy.CuriosityValueEstimate.sum": {
            "value": 10.473503112792969,
            "min": 4.982236862182617,
            "max": 43.92662811279297,
            "count": 1000
        },
        "MovetoGoal.Losses.PolicyLoss.mean": {
            "value": 0.06125993345517154,
            "min": 0.053050700974831264,
            "max": 0.21631894469602472,
            "count": 1000
        },
        "MovetoGoal.Losses.PolicyLoss.sum": {
            "value": 0.12251986691034308,
            "min": 0.0679009818847765,
            "max": 0.43263788939204945,
            "count": 1000
        },
        "MovetoGoal.Losses.ValueLoss.mean": {
            "value": 0.013766180344985104,
            "min": 0.000658368764561601,
            "max": 0.05552878391204609,
            "count": 1000
        },
        "MovetoGoal.Losses.ValueLoss.sum": {
            "value": 0.027532360689970208,
            "min": 0.0011344354430197232,
            "max": 0.11105756782409218,
            "count": 1000
        },
        "MovetoGoal.Policy.LearningRate.mean": {
            "value": 1.806099398300115e-07,
            "min": 1.806099398300115e-07,
            "max": 0.0002998464000512,
            "count": 1000
        },
        "MovetoGoal.Policy.LearningRate.sum": {
            "value": 3.61219879660023e-07,
            "min": 3.61219879660023e-07,
            "max": 0.0008986411204529597,
            "count": 1000
        },
        "MovetoGoal.Policy.Epsilon.mean": {
            "value": 0.10006017,
            "min": 0.10006017,
            "max": 0.19994879999999998,
            "count": 1000
        },
        "MovetoGoal.Policy.Epsilon.sum": {
            "value": 0.20012034,
            "min": 0.16735097999999995,
            "max": 0.59954704,
            "count": 1000
        },
        "MovetoGoal.Policy.Beta.mean": {
            "value": 0.0005,
            "min": 0.0005,
            "max": 0.0005,
            "count": 1000
        },
        "MovetoGoal.Policy.Beta.sum": {
            "value": 0.001,
            "min": 0.0005,
            "max": 0.0015,
            "count": 1000
        },
        "MovetoGoal.Losses.CuriosityForwardLoss.mean": {
            "value": 0.15458806268140382,
            "min": 0.06030496894645179,
            "max": 0.4869136609877759,
            "count": 1000
        },
        "MovetoGoal.Losses.CuriosityForwardLoss.sum": {
            "value": 0.30917612536280764,
            "min": 0.09827572447166108,
            "max": 1.3355517409038768,
            "count": 1000
        },
        "MovetoGoal.Losses.CuriosityInverseLoss.mean": {
            "value": 0.7641967961601182,
            "min": 0.2813767844095797,
            "max": 3.014268318292622,
            "count": 1000
        },
        "MovetoGoal.Losses.CuriosityInverseLoss.sum": {
            "value": 1.5283935923202363,
            "min": 0.45337362456739994,
            "max": 6.028536636585244,
            "count": 1000
        },
        "MovetoGoal.Environment.EpisodeLength.mean": {
            "value": 476.2,
            "min": 278.0,
            "max": 999.0,
            "count": 999
        },
        "MovetoGoal.Environment.EpisodeLength.sum": {
            "value": 4762.0,
            "min": 278.0,
            "max": 12194.0,
            "count": 999
        },
        "MovetoGoal.IsTraining.mean": {
            "value": 1.0,
            "min": 1.0,
            "max": 1.0,
            "count": 1000
        },
        "MovetoGoal.IsTraining.sum": {
            "value": 1.0,
            "min": 1.0,
            "max": 1.0,
            "count": 1000
        },
        "MovetoGoal.Environment.CumulativeReward.mean": {
            "value": 3.369450069963932,
            "min": 0.32500004147489864,
            "max": 3.4688222540749445,
            "count": 998
        },
        "MovetoGoal.Environment.CumulativeReward.sum": {
            "value": 26.955600559711456,
            "min": 0.40000003576278687,
            "max": 48.480001017451286,
            "count": 998
        },
        "MovetoGoal.Policy.ExtrinsicReward.mean": {
            "value": 3.369450069963932,
            "min": 0.32500004147489864,
            "max": 3.4688222540749445,
            "count": 998
        },
        "MovetoGoal.Policy.ExtrinsicReward.sum": {
            "value": 26.955600559711456,
            "min": 0.40000003576278687,
            "max": 48.480001017451286,
            "count": 998
        },
        "MovetoGoal.Policy.CuriosityReward.mean": {
            "value": 1.2683385689742863,
            "min": 0.4301850087940693,
            "max": 7.645354673266411,
            "count": 998
        },
        "MovetoGoal.Policy.CuriosityReward.sum": {
            "value": 10.14670855179429,
            "min": 1.2905550263822079,
            "max": 73.77421648055315,
            "count": 998
        }
    },
    "metadata": {
        "timer_format_version": "0.1.0",
        "start_time_seconds": "1679326290",
        "python_version": "3.9.11 (tags/v3.9.11:2de452f, Mar 16 2022, 14:33:45) [MSC v.1929 64 bit (AMD64)]",
        "command_line_arguments": "C:\\Program Files\\Python39\\Scripts\\mlagents-learn config/moveToGoalTest2.yaml --initialize-from=CorrectMovetoGoal20ObjectRayCast50 --run-id=CorrectMovetoGoal20ObjectRayCast50Adjusted",
        "mlagents_version": "0.30.0",
        "mlagents_envs_version": "0.30.0",
        "communication_protocol_version": "1.5.0",
        "pytorch_version": "1.13.1+cu116",
        "numpy_version": "1.21.2",
        "end_time_seconds": "1679333271"
    },
    "total": 6980.8440622,
    "count": 1,
    "self": 0.014987000000473927,
    "children": {
        "run_training.setup": {
            "total": 0.08121970000000012,
            "count": 1,
            "self": 0.08121970000000012
        },
        "TrainerController.start_learning": {
            "total": 6980.7478555,
            "count": 1,
            "self": 9.672164900312964,
            "children": {
                "TrainerController._reset_env": {
                    "total": 38.3684505,
                    "count": 1,
                    "self": 38.3684505
                },
                "TrainerController.advance": {
                    "total": 6932.592793699688,
                    "count": 255984,
                    "self": 4.129723399597424,
                    "children": {
                        "env_step": {
                            "total": 6928.46307030009,
                            "count": 255984,
                            "self": 5843.656633500023,