{
    "name": "root",
    "gauges": {
        "FleefromAgent.Policy.Entropy.mean": {
            "value": 1.1835557222366333,
            "min": 1.1835557222366333,
            "max": 1.420114517211914,
            "count": 200
        },
        "FleefromAgent.Policy.Entropy.sum": {
            "value": 5112.9609375,
            "min": 4759.572265625,
            "max": 8953.55078125,
            "count": 200
        },
        "FleefromAgent.Environment.EpisodeLength.mean": {
            "value": 999.0,
            "min": 59.92079207920792,
            "max": 999.0,
            "count": 197
        },
        "FleefromAgent.Environment.EpisodeLength.sum": {
            "value": 2997.0,
            "min": 110.0,
            "max": 10681.0,
            "count": 197
        },
        "FleefromAgent.Step.mean": {
            "value": 999980.0,
            "min": 4906.0,
            "max": 999980.0,
            "count": 200
        },
        "FleefromAgent.Step.sum": {
            "value": 999980.0,
            "min": 4906.0,
            "max": 999980.0,
            "count": 200
        },
        "FleefromAgent.Policy.ExtrinsicValueEstimate.mean": {
            "value": 23.67774772644043,
            "min": -0.2392597645521164,
            "max": 25.272186279296875,
            "count": 200
        },
        "FleefromAgent.Policy.ExtrinsicValueEstimate.sum": {
            "value": 947.1099243164062,
            "min": -19.380041122436523,
            "max": 1064.195068359375,
            "count": 200
        },
        "FleefromAgent.Policy.CuriosityValueEstimate.mean": {
            "value": 0.06204070895910263,
            "min": 0.06103263050317764,
            "max": 2.5284969806671143,
            "count": 200
        },
        "FleefromAgent.Policy.CuriosityValueEstimate.sum": {
            "value": 2.48162841796875,
            "min": 2.441305160522461,
            "max": 202.27975463867188,
            "count": 200
        },
        "FleefromAgent.Environment.CumulativeReward.mean": {
            "value": 249.9485263824463,
            "min": 0.428666620060455,
            "max": 249.94862022399903,
            "count": 200
        },
        "FleefromAgent.Environment.CumulativeReward.sum": {
            "value": 1249.7426319122314,
            "min": 36.86532932519913,
            "max": 2996.4973315000534,
            "count": 200
        },
        "FleefromAgent.Policy.ExtrinsicReward.mean": {
            "value": 249.9485263824463,
            "min": 0.428666620060455,
            "max": 249.94862022399903,
            "count": 200
        },
        "FleefromAgent.Policy.ExtrinsicReward.sum": {
            "value": 1249.7426319122314,
            "min": 36.86532932519913,
            "max": 2996.4973315000534,
            "count": 200
        },
        "FleefromAgent.Policy.CuriosityReward.mean": {
            "value": 1.189230451732874,
            "min": 0.16659593579825013,
            "max": 2.085333615541458,
            "count": 200
        },
        "FleefromAgent.Policy.CuriosityReward.sum": {
            "value": 5.94615225866437,
            "min": 1.4823562428355217,
            "max": 29.35510606551543,
            "count": 200
        },
        "FleefromAgent.Losses.PolicyLoss.mean": {
            "value": 0.07434835667064524,
            "min": 0.04932523883568744,
            "max": 0.08880617200823812,
            "count": 200
        },
        "FleefromAgent.Losses.PolicyLoss.sum": {
            "value": 0.14869671334129048,
            "min": 0.09865047767137489,
            "max": 0.23837808645718422,
            "count": 200
        },
        "FleefromAgent.Losses.ValueLoss.mean": {
            "value": 10.712821414657668,
            "min": 0.03653761593159288,
            "max": 16.6446631749471,
            "count": 200
        },
        "FleefromAgent.Losses.ValueLoss.sum": {
            "value": 21.425642829315336,
            "min": 0.07307523186318576,
            "max": 47.87734425730175,
            "count": 200
        },
        "FleefromAgent.Policy.LearningRate.mean": {
            "value": 5.364998212000035e-07,
            "min": 5.364998212000035e-07,
            "max": 0.0002990487003171,
            "count": 200
        },
        "FleefromAgent.Policy.LearningRate.sum": {
            "value": 1.072999642400007e-06,
            "min": 1.072999642400007e-06,
            "max": 0.0008884752038416,
            "count": 200
        },
        "FleefromAgent.Policy.Epsilon.mean": {
            "value": 0.10017880000000001,
            "min": 0.10017880000000001,
            "max": 0.1996829,
            "count": 200
        },
        "FleefromAgent.Policy.Epsilon.sum": {
            "value": 0.20035760000000002,
            "min": 0.20035760000000002,
            "max": 0.5961584,
            "count": 200
        },
        "FleefromAgent.Policy.Beta.mean": {
            "value": 0.0005,
            "min": 0.0005,
            "max": 0.0005,
            "count": 200
        },
        "FleefromAgent.Policy.Beta.sum": {
            "value": 0.001,
            "min": 0.001,
            "max": 0.0015,
            "count": 200
        },
        "FleefromAgent.Losses.CuriosityForwardLoss.mean": {
            "value": 0.029529576684010454,
            "min": 0.029529576684010454,
            "max": 0.5875164247117937,
            "count": 200
        },
        "FleefromAgent.Losses.CuriosityForwardLoss.sum": {
            "value": 0.05905915336802091,
            "min": 0.05905915336802091,
            "max": 1.1750328494235873,
            "count": 200
        },
        "FleefromAgent.Losses.CuriosityInverseLoss.mean": {
            "value": 0.27568595447376665,
            "min": 0.25821327449133,
            "max": 2.007403541356325,
            "count": 200
        },
        "FleefromAgent.Losses.CuriosityInverseLoss.sum": {
            "value": 0.5513719089475333,
            "min": 0.51642654898266,
            "max": 4.407266527414322,
            "count": 200
        },
        "FleefromAgent.IsTraining.mean": {
            "value": 1.0,
            "min": 1.0,
            "max": 1.0,
            "count": 200
        },
        "FleefromAgent.IsTraining.sum": {
            "value": 1.0,
            "min": 1.0,
            "max": 1.0,
            "count": 200
        }
    },
    "metadata": {
        "timer_format_version": "0.1.0",
        "start_time_seconds": "1679856856",
        "python_version": "3.9.11 (tags/v3.9.11:2de452f, Mar 16 2022, 14:33:45) [MSC v.1929 64 bit (AMD64)]",
        "command_line_arguments": "C:\\Program Files\\Python39\\Scripts\\mlagents-learn config/FleefromAgent.yaml --run-id=FleefromAgent --torch-device=cuda",
        "mlagents_version": "0.30.0",
        "mlagents_envs_version": "0.30.0",
        "communication_protocol_version": "1.5.0",
        "pytorch_version": "1.13.1+cu116",
        "numpy_version": "1.21.2",
        "end_time_seconds": "1679858114"
    },
    "total": 1258.130572,
    "count": 1,
    "self": 0.009407999999893946,
    "children": {
        "run_training.setup": {
            "total": 0.07543509999999998,
            "count": 1,
            "self": 0.07543509999999998
        },
        "TrainerController.start_learning": {
            "total": 1258.0457289,
            "count": 1,
            "self": 1.4278261000129078,
            "children": {
                "TrainerController._reset_env": {
                    "total": 13.8618295,
                    "count": 1,
                    "self": 13.8618295
                },
                "TrainerController.advance": {
                    "total": 1242.690470499987,
                    "count": 53388,
                    "self": 0.6178383999838388,
                    "children": {
                        "env_step": {
                            "total": 1242.0726321000031,
                            "count": 53388,
                            "self": 1089.1011090999762,